carrier_code|flight_number|operating_date|origin_airport|destination_airport|tail_number|actual_departure_time|actual_arrival_time|wheels_up_time|wheels_down_time|status|cancellation_code
DL|5030|20250127|CVG|LGA|N917XJ|1658|1902|1716|1853|ARRIVED|
DL|5030|20250128|CVG|LGA|N914XJ|1647|1829|1702|1824|ARRIVED|
DL|5030|20250129|CVG|LGA|N478PX|1719|1905|1738|1902|ARRIVED|
DL|5030|20250130|CVG|LGA|N917XJ|1656|1831|1706|1825|ARRIVED|
DL|5030|20250131|CVG|LGA|N914XJ|1650|1851|1710|1843|ARRIVED|
DL|5030|20250102|LGA|CVG|N166PQ|1328|1537|1345|1532|ARRIVED|
DL|5030|20250103|LGA|CVG|N134EV|1352|1555|1409|1550|ARRIVED|
DL|5030|20250104|LGA|CVG|N918XJ|1326|1536|1348|1530|ARRIVED|
DL|5030|20250105|LGA|CVG|N186GJ|0|0|0|0|CANCELLED|B
DL|5030|20250106|LGA|CVG|N272PQ|2010|2218|2035|2209|ARRIVED|
DL|5030|20250107|LGA|CVG|N916XJ|1341|1601|1417|1556|ARRIVED|
DL|5030|20250108|LGA|CVG|N915XJ|1349|1602|1413|1554|ARRIVED|
DL|5030|20250109|LGA|CVG|N490PX|1407|1617|1434|1612|ARRIVED|
DL|5030|20250110|LGA|CVG|N490PX|1334|1556|1357|1549|ARRIVED|
DL|5030|20250112|LGA|CVG|N918XJ|1439|1711|1515|1707|ARRIVED|
DL|5030|20250113|LGA|CVG|N904XJ|1335|1551|1350|1545|ARRIVED|
DL|5030|20250114|LGA|CVG|N917XJ|1334|1617|1412|1613|ARRIVED|
DL|5030|20250115|LGA|CVG|N916XJ|1336|1535|1354|1531|ARRIVED|
DL|5030|20250116|LGA|CVG|N479PX|1340|1536|1353|1531|ARRIVED|
DL|5030|20250117|LGA|CVG|N478PX|1339|1538|1356|1534|ARRIVED|
DL|5030|20250120|LGA|CVG|N676CA|1343|1558|1400|1554|ARRIVED|
DL|5030|20250121|LGA|CVG|N479PX|1338|1615|1356|1610|ARRIVED|
DL|5030|20250122|LGA|CVG|N918XJ|1332|1543|1353|1538|ARRIVED|
DL|5030|20250123|LGA|CVG|N904XJ|1345|1603|1400|1559|ARRIVED|
DL|5030|20250124|LGA|CVG|N485PX|1336|1553|1355|1548|ARRIVED|
DL|5030|20250126|LGA|CVG|N485PX|1339|1543|1350|1539|ARRIVED|
DL|5030|20250127|LGA|CVG|N917XJ|1338|1537|1354|1532|ARRIVED|
DL|5030|20250128|LGA|CVG|N914XJ|1341|1603|1420|1558|ARRIVED|
DL|5030|20250129|LGA|CVG|N478PX|1332|1539|1346|1534|ARRIVED|
DL|5030|20250130|LGA|CVG|N917XJ|1337|1609|1415|1606|ARRIVED|
DL|5030|20250131|LGA|CVG|N914XJ|1336|1538|1350|1533|ARRIVED|
DL|5032|20250106|GRR|MSP|N921XJ|2002|2030|2020|2023|ARRIVED|
DL|5032|20250107|GRR|MSP|N132EV|1837|1903|1851|1857|ARRIVED|
DL|5032|20250108|GRR|MSP|N294PQ|1836|1912|1857|1907|ARRIVED|
DL|5032|20250109|GRR|MSP|N186PQ|1845|1908|1855|1901|ARRIVED|
DL|5032|20250110|GRR|MSP|N176PQ|1941|2032|2020|2023|ARRIVED|
DL|5032|20250112|GRR|MSP|N901XJ|1909|1946|1933|1942|ARRIVED|
DL|5032|20250106|MSP|GRR|N921XJ|1635|1931|1728|1926|ARRIVED|
DL|5032|20250107|MSP|GRR|N132EV|1542|1803|1556|1757|ARRIVED|
DL|5032|20250108|MSP|GRR|N294PQ|1526|1754|1552|1751|ARRIVED|
DL|5032|20250109|MSP|GRR|N186PQ|1529|1812|1612|1809|ARRIVED|
DL|5032|20250110|MSP|GRR|N176PQ|1639|1906|1659|1903|ARRIVED|
DL|5032|20250112|MSP|GRR|N901XJ|1544|1832|1629|1829|ARRIVED|
DL|5033|20250101|ATL|GSO|N304PQ|1439|1546|1453|1542|ARRIVED|
DL|5033|20250102|ATL|GSO|N678CA|1449|1607|1513|1604|ARRIVED|
DL|5033|20250103|ATL|GSO|N901XJ|1446|1604|1504|1558|ARRIVED|
DL|5033|20250104|ATL|GSO|N901XJ|1445|1552|1458|1549|ARRIVED|
DL|5033|20250105|ATL|GSO|N933XJ|1453|1605|1511|1600|ARRIVED|
DL|5033|20250101|GSO|ATL|N304PQ|1748|1918|1804|1906|ARRIVED|
DL|5033|20250102|GSO|ATL|N678CA|1653|1812|1706|1803|ARRIVED|
DL|5033|20250103|GSO|ATL|N901XJ|1647|1802|1659|1755|ARRIVED|
DL|5033|20250104|GSO|ATL|N901XJ|1640|1757|1700|1754|ARRIVED|
DL|5033|20250105|GSO|ATL|N933XJ|1652|1817|1704|1809|ARRIVED|
DL|5033|20250106|ILM|ATL|N303PQ|554|747|619|738|ARRIVED|
DL|5033|20250107|ILM|ATL|N607LR|550|724|606|715|ARRIVED|
DL|5033|20250108|ILM|ATL|N335PQ|556|738|623|734|ARRIVED|
DL|5033|20250109|ILM|ATL|N695CA|553|724|609|718|ARRIVED|
DL|5033|20250110|ILM|ATL|N937XJ|0|0|0|0|CANCELLED|B
DL|5033|20250111|ILM|ATL|N937XJ|559|838|617|736|ARRIVED|
DL|5033|20250112|ILM|ATL|N195PQ|556|732|617|725|ARRIVED|
DL|5034|20250106|ATL|ILM|N186GJ|1644|1755|1659|1752|ARRIVED|
DL|5034|20250107|ATL|ILM|N925XJ|1655|1814|1710|1806|ARRIVED|
DL|5034|20250108|ATL|ILM|N131EV|1635|1753|1655|1745|ARRIVED|
DL|5034|20250110|ATL|ILM|N937XJ|0|0|0|0|CANCELLED|B
DL|5034|20250102|DTW|GSO|N314PQ|953|1137|1025|1134|ARRIVED|
DL|5034|20250103|DTW|GSO|N905XJ|959|1208|1057|1205|ARRIVED|
DL|5034|20250104|DTW|GSO|N295PQ|955|1138|1033|1134|ARRIVED|
DL|5034|20250105|DTW|GSO|N478PX|954|1143|1032|1141|ARRIVED|
DL|5034|20250102|GSO|DTW|N314PQ|1216|1348|1228|1342|ARRIVED|
DL|5034|20250103|GSO|DTW|N905XJ|1242|1418|1256|1410|ARRIVED|
DL|5034|20250104|GSO|DTW|N295PQ|1222|1407|1234|1359|ARRIVED|
DL|5034|20250105|GSO|DTW|N478PX|1226|1356|1240|1350|ARRIVED|
DL|5034|20250106|ILM|ATL|N186GJ|2019|2149|2034|2145|ARRIVED|
DL|5034|20250107|ILM|ATL|N925XJ|1853|2030|1905|2017|ARRIVED|
DL|5034|20250108|ILM|ATL|N131EV|1848|2034|1902|2022|ARRIVED|
DL|5034|20250110|ILM|ATL|N937XJ|0|0|0|0|CANCELLED|B
DL|5035|20250101|ATL|ABE|N921XJ|1944|2153|2016|2150|ARRIVED|
DL|5035|20250102|ATL|ABE|N131EV|2121|2326|2148|2322|ARRIVED|
DL|5035|20250103|ATL|ABE|N298PQ|2104|2315|2125|2310|ARRIVED|
DL|5035|20250104|ATL|ABE|N913XJ|2107|2317|2131|2314|ARRIVED|
DL|5035|20250105|ATL|ABE|N678CA|2121|2323|2146|2320|ARRIVED|
DL|5035|20250106|ATL|ABE|N604LR|2050|2239|2103|2234|ARRIVED|
DL|5035|20250107|ATL|ABE|N341PQ|2015|2217|2035|2213|ARRIVED|
DL|5035|20250108|ATL|ABE|N279PQ|2037|2225|2048|2222|ARRIVED|
DL|5035|20250109|ATL|ABE|N913XJ|2017|2220|2031|2215|ARRIVED|
DL|5035|20250110|ATL|ABE|N913XJ|0|0|0|0|CANCELLED|B
DL|5035|20250111|ATL|ABE|N695CA|2333|131|2351|128|ARRIVED|
DL|5035|20250112|ATL|ABE|N272PQ|2111|2310|2132|2306|ARRIVED|
DL|5035|20250113|ATL|ABE|N607LR|2034|2218|2045|2215|ARRIVED|
DL|5035|20250114|ATL|ABE|N272PQ|2022|2214|2037|2210|ARRIVED|
DL|5035|20250115|ATL|ABE|N195PQ|2014|2205|2026|2202|ARRIVED|
DL|5035|20250116|ATL|ABE|N937XJ|2032|2244|2051|2238|ARRIVED|
DL|5035|20250117|ATL|ABE|N299PQ|2028|2227|2050|2224|ARRIVED|
DL|5035|20250118|ATL|ABE|N293PQ|2014|2213|2036|2209|ARRIVED|
DL|5035|20250119|ATL|ABE|N279PQ|2016|2214|2036|2202|ARRIVED|
DL|5035|20250120|ATL|ABE|N604LR|2037|2229|2054|2225|ARRIVED|
DL|5035|20250121|ATL|ABE|N304PQ|0|0|0|0|CANCELLED|B
DL|5035|20250122|ATL|ABE|N600LR|2036|2224|2051|2220|ARRIVED|
DL|5035|20250123|ATL|ABE|N331PQ|2037|2222|2049|2219|ARRIVED|
DL|5035|20250124|ATL|ABE|N325PQ|2033|2228|2045|2225|ARRIVED|
DL|5035|20250125|ATL|ABE|N316PQ|2016|2219|2036|2214|ARRIVED|
DL|5035|20250126|ATL|ABE|N934XJ|2035|2232|2052|2226|ARRIVED|
DL|5035|20250127|ATL|ABE|N910XJ|2056|2253|2110|2250|ARRIVED|
DL|5035|20250128|ATL|ABE|N197PQ|2011|2207|2025|2203|ARRIVED|
DL|5035|20250129|ATL|ABE|N927XJ|2016|2219|2035|2215|ARRIVED|
DL|5035|20250130|ATL|ABE|N326PQ|2045|2240|2102|2236|ARRIVED|
DL|5035|20250131|ATL|ABE|N133EV|2036|2220|2050|2216|ARRIVED|
DL|5036|20250105|JFK|CLT|N315PQ|2133|2340|2203|2334|ARRIVED|
DL|5036|20250106|JFK|CLT|N134EV|2054|2317|2134|2307|ARRIVED|
DL|5036|20250107|JFK|CLT|N606LR|2233|52|2313|41|ARRIVED|
DL|5036|20250108|JFK|CLT|N935XJ|2142|2352|2219|2344|ARRIVED|
DL|5036|20250109|JFK|CLT|N136EV|2317|110|2334|101|ARRIVED|
DL|5036|20250110|JFK|CLT|N901XJ|0|0|0|0|CANCELLED|B
DL|5036|20250111|JFK|CLT|N153PQ|2025|2234|2059|2226|ARRIVED|
DL|5036|20250112|JFK|CLT|N153PQ|2033|2238|2055|2229|ARRIVED|
DL|5036|20250113|JFK|CLT|N324PQ|2006|2219|2029|2211|ARRIVED|
DL|5036|20250114|JFK|CLT|N929XJ|1955|2204|2016|2154|ARRIVED|
DL|5036|20250115|JFK|CLT|N538CA|1951|2147|2016|2145|ARRIVED|
DL|5036|20250116|JFK|CLT|N181GJ|2002|2327|2146|2308|ARRIVED|
DL|5036|20250117|JFK|CLT|N313PQ|1956|2146|2013|2136|ARRIVED|
DL|5036|20250118|JFK|CLT|N166PQ|1951|2153|2014|2143|ARRIVED|
DL|5036|20250119|JFK|CLT|N924XJ|0|0|0|0|CANCELLED|B
DL|5036|20250120|JFK|CLT|N132EV|2002|2228|2033|2223|ARRIVED|
DL|5036|20250121|JFK|CLT|N315PQ|2110|2346|2138|2334|ARRIVED|
DL|5036|20250122|JFK|CLT|N319PQ|1953|2205|2011|2147|ARRIVED|
DL|5036|20250123|JFK|CLT|N183GJ|2143|2355|2202|2348|ARRIVED|
DL|5036|20250124|JFK|CLT|N314PQ|1948|2144|2009|2137|ARRIVED|
DL|5036|20250125|JFK|CLT|N185GJ|1948|2146|2006|2137|ARRIVED|
DL|5036|20250126|JFK|CLT|N195PQ|1959|2200|2018|2149|ARRIVED|
DL|5036|20250127|JFK|CLT|N135EV|1953|2147|2010|2137|ARRIVED|
DL|5036|20250128|JFK|CLT|N307PQ|1950|2147|2014|2138|ARRIVED|
DL|5036|20250129|JFK|CLT|N181GJ|1953|2150|2018|2148|ARRIVED|
DL|5036|20250130|JFK|CLT|N176PQ|1950|2156|2011|2147|ARRIVED|
DL|5036|20250131|JFK|CLT|N313PQ|2018|2230|2041|2222|ARRIVED|
DL|5037|20250105|LGA|CLT|N272PQ|1745|1952|1802|1934|ARRIVED|
DL|5037|20250106|LGA|CLT|N301PQ|2153|1|2218|2351|ARRIVED|
DL|5037|20250107|LGA|CLT|N903XJ|1953|2212|2035|2207|ARRIVED|
DL|5037|20250108|LGA|CLT|N901XJ|1937|2202|2026|2155|ARRIVED|
DL|5037|20250109|LGA|CLT|N319PQ|2057|2301|2124|2251|ARRIVED|
DL|5037|20250110|LGA|CLT|N908XJ|0|0|0|0|CANCELLED|B
DL|5037|20250112|LGA|CLT|N910XJ|1925|2137|1947|2122|ARRIVED|
DL|5037|20250113|LGA|CLT|N910XJ|1934|2136|1947|2129|ARRIVED|
DL|5037|20250114|LGA|CLT|N297PQ|1926|2132|1940|2124|ARRIVED|
DL|5037|20250115|LGA|CLT|N903XJ|1917|2128|1946|2121|ARRIVED|
DL|5037|20250116|LGA|CLT|N538CA|1921|2155|2021|2145|ARRIVED|
DL|5037|20250117|LGA|CLT|N136EV|1919|2121|1942|2109|ARRIVED|
DL|5037|20250119|LGA|CLT|N901XJ|0|0|0|0|CANCELLED|B
DL|5037|20250120|LGA|CLT|N901XJ|2052|2257|2110|2252|ARRIVED|
DL|5037|20250121|LGA|CLT|N309PQ|1919|2151|1934|2139|ARRIVED|
DL|5037|20250122|LGA|CLT|N678CA|1922|2136|1946|2126|ARRIVED|
DL|5037|20250123|LGA|CLT|N319PQ|1919|2146|1941|2136|ARRIVED|
DL|5037|20250124|LGA|CLT|N136EV|1919|2131|1957|2127|ARRIVED|
DL|5037|20250126|LGA|CLT|N185GJ|1951|2207|2025|2158|ARRIVED|
DL|5037|20250127|LGA|CLT|N185GJ|1921|2131|1945|2116|ARRIVED|
DL|5037|20250128|LGA|CLT|N913XJ|1915|2118|1943|2108|ARRIVED|
DL|5037|20250129|LGA|CLT|N924XJ|1921|2135|1954|2130|ARRIVED|
DL|5037|20250130|LGA|CLT|N907XJ|1922|2121|1938|2109|ARRIVED|
DL|5037|20250131|LGA|CLT|N176PQ|1922|2149|1948|2138|ARRIVED|
DL|5039|20250106|AGS|ATL|N602LR|1705|1814|1728|1805|ARRIVED|
DL|5039|20250107|AGS|ATL|N602LR|1705|1806|1727|1800|ARRIVED|
DL|5039|20250108|AGS|ATL|N929XJ|1707|1816|1734|1810|ARRIVED|
DL|5039|20250109|AGS|ATL|N335PQ|1719|1811|1730|1805|ARRIVED|
DL|5039|20250110|AGS|ATL|N376CA|0|0|0|0|CANCELLED|B
DL|5039|20250111|AGS|ATL|N183GJ|1852|1954|1911|1942|ARRIVED|
DL|5039|20250112|AGS|ATL|N307PQ|1750|1845|1800|1837|ARRIVED|
DL|5039|20250113|AGS|ATL|N186GJ|1703|1801|1723|1756|ARRIVED|
DL|5039|20250114|AGS|ATL|N937XJ|1654|1744|1705|1739|ARRIVED|
DL|5039|20250115|AGS|ATL|N304PQ|1703|1812|1734|1807|ARRIVED|
DL|5039|20250116|AGS|ATL|N315PQ|1702|1754|1716|1748|ARRIVED|
DL|5039|20250117|AGS|ATL|N293PQ|1701|1751|1710|1744|ARRIVED|
DL|5039|20250118|AGS|ATL|N308PQ|1741|1842|1756|1836|ARRIVED|
DL|5039|20250119|AGS|ATL|N293PQ|1708|1806|1722|1802|ARRIVED|
DL|5039|20250120|AGS|ATL|N934XJ|1956|2103|2013|2050|ARRIVED|
DL|5039|20250121|AGS|ATL|N183GJ|0|0|0|0|CANCELLED|B
DL|5039|20250122|AGS|ATL|N307PQ|1750|1852|1808|1844|ARRIVED|
DL|5039|20250125|AGS|ATL|N147PQ|1751|1941|1802|1833|ARRIVED|
DL|5039|20250127|AGS|ATL|N303PQ|1706|1812|1728|1805|ARRIVED|
DL|5039|20250128|AGS|ATL|N655CA|1659|1809|1725|1802|ARRIVED|
DL|5039|20250129|AGS|ATL|N232PQ|1701|1807|1727|1801|ARRIVED|
DL|5039|20250130|AGS|ATL|N931XJ|1659|1754|1713|1748|ARRIVED|
DL|5039|20250131|AGS|ATL|N134EV|1717|1825|1741|1815|ARRIVED|
DL|5039|20250106|ATL|AGS|N602LR|1528|1625|1546|1615|ARRIVED|
DL|5039|20250107|ATL|AGS|N602LR|1528|1615|1541|1612|ARRIVED|
DL|5039|20250108|ATL|AGS|N929XJ|1528|1618|1546|1616|ARRIVED|
DL|5039|20250109|ATL|AGS|N335PQ|1547|1642|1606|1638|ARRIVED|
DL|5039|20250110|ATL|AGS|N376CA|0|0|0|0|CANCELLED|B
DL|5039|20250111|ATL|AGS|N183GJ|1717|1819|1731|1816|ARRIVED|
DL|5039|20250112|ATL|AGS|N307PQ|1617|1710|1633|1705|ARRIVED|
DL|5039|20250113|ATL|AGS|N186GJ|1530|1616|1543|1612|ARRIVED|
DL|5039|20250114|ATL|AGS|N937XJ|1526|1617|1542|1615|ARRIVED|
DL|5039|20250115|ATL|AGS|N304PQ|1526|1626|1550|1623|ARRIVED|
DL|5039|20250116|ATL|AGS|N315PQ|1526|1616|1541|1611|ARRIVED|
DL|5039|20250117|ATL|AGS|N293PQ|1529|1618|1542|1613|ARRIVED|
DL|5039|20250118|ATL|AGS|N308PQ|1611|1702|1627|1658|ARRIVED|
DL|5039|20250119|ATL|AGS|N293PQ|1526|1620|1544|1616|ARRIVED|
DL|5039|20250120|ATL|AGS|N934XJ|1745|1924|1801|1832|ARRIVED|
DL|5039|20250121|ATL|AGS|N183GJ|0|0|0|0|CANCELLED|B
DL|5039|20250122|ATL|AGS|N307PQ|1608|1706|1630|1701|ARRIVED|
DL|5039|20250125|ATL|AGS|N147PQ|1524|1613|1537|1609|ARRIVED|
DL|5039|20250127|ATL|AGS|N303PQ|1528|1619|1541|1613|ARRIVED|
DL|5039|20250128|ATL|AGS|N655CA|1529|1625|1551|1621|ARRIVED|
DL|5039|20250129|ATL|AGS|N232PQ|1521|1615|1540|1613|ARRIVED|
DL|5039|20250130|ATL|AGS|N931XJ|1525|1616|1545|1611|ARRIVED|
DL|5039|20250131|ATL|AGS|N134EV|1525|1625|1550|1621|ARRIVED|
DL|5040|20250106|CLT|JFK|N279PQ|2057|2324|2145|2312|ARRIVED|
DL|5040|20250107|CLT|JFK|N134EV|2019|2303|2132|2255|ARRIVED|
DL|5040|20250108|CLT|JFK|N186PQ|1739|2017|1854|2008|ARRIVED|
DL|5040|20250109|CLT|JFK|N182GJ|1915|2139|2002|2128|ARRIVED|
DL|5040|20250110|CLT|JFK|N931XJ|1812|2024|1853|2008|ARRIVED|
DL|5040|20250111|CLT|JFK|N181PQ|1821|2031|1855|2015|ARRIVED|
DL|5040|20250112|CLT|JFK|N153PQ|1745|1946|1808|1929|ARRIVED|
DL|5040|20250113|CLT|JFK|N303PQ|1739|1939|1803|1926|ARRIVED|
DL|5040|20250114|CLT|JFK|N324PQ|1744|1933|1802|1914|ARRIVED|
DL|5040|20250115|CLT|JFK|N297PQ|1736|1921|1752|1909|ARRIVED|
DL|5040|20250116|CLT|JFK|N294PQ|1742|1932|1800|1925|ARRIVED|
DL|5040|20250117|CLT|JFK|N935XJ|1809|2025|1849|2013|ARRIVED|
DL|5040|20250118|CLT|JFK|N908XJ|1752|1947|1816|1937|ARRIVED|
DL|5040|20250119|CLT|JFK|N166PQ|0|0|0|0|CANCELLED|B
DL|5040|20250120|CLT|JFK|N909XJ|2040|2232|2104|2220|ARRIVED|
DL|5040|20250121|CLT|JFK|N132EV|1816|2025|1906|2016|ARRIVED|
DL|5040|20250122|CLT|JFK|N929XJ|2147|2335|2209|2329|ARRIVED|
DL|5040|20250123|CLT|JFK|N315PQ|1741|1920|1754|1913|ARRIVED|
DL|5040|20250124|CLT|JFK|N138EV|1743|1937|1815|1929|ARRIVED|
DL|5040|20250125|CLT|JFK|N297PQ|1738|1952|1754|1917|ARRIVED|
DL|5040|20250126|CLT|JFK|N295PQ|1742|1946|1812|1936|ARRIVED|
DL|5040|20250127|CLT|JFK|N923XJ|1741|1941|1809|1923|ARRIVED|
DL|5040|20250128|CLT|JFK|N606LR|1738|1923|1755|1916|ARRIVED|
DL|5040|20250129|CLT|JFK|N200PQ|1735|1933|1753|1916|ARRIVED|
DL|5040|20250130|CLT|JFK|N146PQ|1741|1936|1800|1926|ARRIVED|
DL|5040|20250131|CLT|JFK|N313PQ|1739|1935|1801|1927|ARRIVED|
DL|5040|20250102|JFK|CLT|N906XJ|1517|1727|1545|1722|ARRIVED|
DL|5040|20250103|JFK|CLT|N324PQ|1455|1701|1518|1651|ARRIVED|
DL|5040|20250104|JFK|CLT|N921XJ|1517|1728|1545|1713|ARRIVED|
DL|5040|20250105|JFK|CLT|N600LR|1532|1730|1550|1720|ARRIVED|
DL|5040|20250106|JFK|CLT|N279PQ|1748|2018|1841|2009|ARRIVED|
DL|5040|20250107|JFK|CLT|N134EV|1638|1848|1707|1837|ARRIVED|
DL|5040|20250108|JFK|CLT|N186PQ|1447|1647|1504|1639|ARRIVED|
DL|5040|20250109|JFK|CLT|N182GJ|1449|1705|1524|1655|ARRIVED|
DL|5040|20250110|JFK|CLT|N931XJ|1521|1734|1545|1722|ARRIVED|
DL|5040|20250111|JFK|CLT|N181PQ|1541|1739|1603|1733|ARRIVED|
DL|5040|20250112|JFK|CLT|N153PQ|1446|1643|1504|1635|ARRIVED|
DL|5040|20250113|JFK|CLT|N303PQ|1447|1657|1504|1645|ARRIVED|
DL|5040|20250114|JFK|CLT|N324PQ|1449|1712|1513|1703|ARRIVED|
DL|5040|20250115|JFK|CLT|N297PQ|1448|1644|1502|1630|ARRIVED|
DL|5040|20250116|JFK|CLT|N294PQ|1449|1652|1507|1634|ARRIVED|
DL|5040|20250117|JFK|CLT|N935XJ|1506|1656|1519|1641|ARRIVED|
DL|5040|20250118|JFK|CLT|N908XJ|1455|1723|1538|1709|ARRIVED|
DL|5040|20250119|JFK|CLT|N901XJ|1447|1733|1535|1722|ARRIVED|
DL|5040|20250120|JFK|CLT|N909XJ|1708|1942|1744|1932|ARRIVED|
DL|5040|20250121|JFK|CLT|N132EV|1519|1743|1540|1733|ARRIVED|
DL|5040|20250122|JFK|CLT|N929XJ|1450|1703|1517|1648|ARRIVED|
DL|5040|20250123|JFK|CLT|N315PQ|1447|1704|1459|1649|ARRIVED|
DL|5040|20250124|JFK|CLT|N138EV|1448|1711|1510|1658|ARRIVED|
DL|5040|20250125|JFK|CLT|N297PQ|1442|1651|1510|1643|ARRIVED|
DL|5040|20250126|JFK|CLT|N295PQ|1448|1651|1506|1638|ARRIVED|
DL|5040|20250127|JFK|CLT|N923XJ|1450|1651|1511|1644|ARRIVED|
DL|5040|20250128|JFK|CLT|N606LR|1449|1635|1502|1624|ARRIVED|
DL|5040|20250129|JFK|CLT|N200PQ|1449|1649|1502|1635|ARRIVED|
DL|5040|20250130|JFK|CLT|N146PQ|1448|1703|1522|1653|ARRIVED|
DL|5040|20250131|JFK|CLT|N313PQ|1448|1652|1507|1643|ARRIVED|
DL|5041|20250101|DTW|JFK|N315PQ|1005|1206|1034|1157|ARRIVED|
DL|5041|20250102|DTW|JFK|N176PQ|1106|1304|1147|1258|ARRIVED|
DL|5041|20250103|DTW|JFK|N908XJ|1005|1225|1104|1219|ARRIVED|
DL|5041|20250104|DTW|JFK|N907XJ|1014|1214|1054|1208|ARRIVED|
DL|5041|20250119|PIT|DTW|N303PQ|1222|1358|1312|1350|ARRIVED|
DL|5042|20250106|ATL|ILM|N607LR|911|1021|922|1017|ARRIVED|
DL|5042|20250107|ATL|ILM|N136EV|914|1037|936|1031|ARRIVED|
DL|5042|20250108|ATL|ILM|N136EV|912|1031|929|1023|ARRIVED|
DL|5042|20250109|ATL|ILM|N907XJ|914|1034|933|1029|ARRIVED|
DL|5042|20250110|ATL|ILM|N923XJ|0|0|0|0|CANCELLED|B
DL|5042|20250111|ATL|ILM|N315PQ|949|1115|1010|1103|ARRIVED|
DL|5042|20250112|ATL|ILM|N314PQ|925|1152|1051|1147|ARRIVED|
DL|5042|20250106|ILM|ATL|N607LR|1118|1254|1133|1247|ARRIVED|
DL|5042|20250107|ILM|ATL|N136EV|1120|1247|1133|1240|ARRIVED|
DL|5042|20250108|ILM|ATL|N136EV|1120|1252|1130|1245|ARRIVED|
DL|5042|20250109|ILM|ATL|N907XJ|1116|1246|1130|1240|ARRIVED|
DL|5042|20250110|ILM|ATL|N923XJ|0|0|0|0|CANCELLED|B
DL|5042|20250111|ILM|ATL|N315PQ|1154|1338|1212|1330|ARRIVED|
DL|5042|20250112|ILM|ATL|N314PQ|1242|1415|1259|1406|ARRIVED|
DL|5044|20250102|CVG|JFK|N294PQ|752|947|805|938|ARRIVED|
DL|5044|20250103|CVG|JFK|N232PQ|800|1003|824|955|ARRIVED|
DL|5044|20250104|CVG|JFK|N137EV|755|1016|827|1004|ARRIVED|
DL|5044|20250105|CVG|JFK|N295PQ|657|842|712|835|ARRIVED|
DL|5044|20250106|CVG|JFK|N926XJ|0|0|0|0|CANCELLED|B
DL|5044|20250107|CVG|JFK|N923XJ|724|938|802|931|ARRIVED|
DL|5044|20250108|CVG|JFK|N184GJ|711|924|749|917|ARRIVED|
DL|5044|20250109|CVG|JFK|N600LR|717|924|740|914|ARRIVED|
DL|5044|20250110|CVG|JFK|N930XJ|715|912|741|906|ARRIVED|
DL|5044|20250111|CVG|JFK|N606LR|801|1033|841|1020|ARRIVED|
DL|5044|20250112|CVG|JFK|N335PQ|706|847|721|841|ARRIVED|
DL|5044|20250113|CVG|JFK|N930XJ|708|855|727|847|ARRIVED|
DL|5044|20250114|CVG|JFK|N294PQ|706|852|728|846|ARRIVED|
DL|5044|20250115|CVG|JFK|N933XJ|711|909|734|902|ARRIVED|
DL|5044|20250116|CVG|JFK|N296PQ|710|901|720|854|ARRIVED|
DL|5044|20250117|CVG|JFK|N929XJ|750|1002|812|951|ARRIVED|
DL|5044|20250118|CVG|JFK|N901XJ|802|1008|815|958|ARRIVED|
DL|5044|20250119|CVG|JFK|N303PQ|716|901|730|853|ARRIVED|
DL|5044|20250120|CVG|JFK|N903XJ|714|954|748|912|ARRIVED|
DL|5044|20250121|CVG|JFK|N931XJ|708|858|719|846|ARRIVED|
DL|5044|20250122|CVG|JFK|N146PQ|856|1036|903|1029|ARRIVED|
DL|5044|20250123|CVG|JFK|N153PQ|707|900|724|853|ARRIVED|
DL|5044|20250124|CVG|JFK|N929XJ|704|908|733|858|ARRIVED|
DL|5044|20250125|CVG|JFK|N935XJ|1029|1206|1040|1200|ARRIVED|
DL|5044|20250126|CVG|JFK|N933XJ|704|856|716|850|ARRIVED|
DL|5044|20250127|CVG|JFK|N921XJ|712|914|742|907|ARRIVED|
DL|5044|20250128|CVG|JFK|N907XJ|715|911|735|905|ARRIVED|
DL|5044|20250129|CVG|JFK|N146PQ|712|854|724|849|ARRIVED|
DL|5044|20250130|CVG|JFK|N310PQ|708|909|737|900|ARRIVED|
DL|5044|20250131|CVG|JFK|N331PQ|705|901|721|844|ARRIVED|
DL|5045|20250106|CLE|LGA|N185GJ|1114|1254|1148|1246|ARRIVED|
DL|5045|20250107|CLE|LGA|N311PQ|1244|1509|1321|1445|ARRIVED|
DL|5045|20250108|CLE|LGA|N695CA|1115|1259|1138|1251|ARRIVED|
DL|5045|20250109|CLE|LGA|N316PQ|1118|1258|1137|1253|ARRIVED|
DL|5045|20250110|CLE|LGA|N903XJ|1143|1302|1156|1257|ARRIVED|
DL|5045|20250111|CLE|LGA|N482PX|1351|1514|1410|1510|ARRIVED|
DL|5045|20250113|CLE|LGA|N335PQ|1121|1246|1135|1240|ARRIVED|
DL|5045|20250114|CLE|LGA|N146PQ|1112|1242|1138|1236|ARRIVED|
DL|5045|20250115|CLE|LGA|N182GJ|1113|1245|1131|1240|ARRIVED|
DL|5045|20250116|CLE|LGA|N131EV|1114|1301|1150|1255|ARRIVED|
DL|5045|20250117|CLE|LGA|N348PQ|1200|1327|1217|1322|ARRIVED|
DL|5045|20250118|CLE|LGA|N479PX|1355|1519|1406|1512|ARRIVED|
DL|5045|20250120|CLE|LGA|N341PQ|1130|1252|1142|1245|ARRIVED|
DL|5045|20250121|CLE|LGA|N348PQ|1119|1251|1137|1241|ARRIVED|
DL|5045|20250122|CLE|LGA|N132EV|1115|1244|1134|1239|ARRIVED|
DL|5045|20250123|CLE|LGA|N926XJ|1148|1334|1221|1328|ARRIVED|
DL|5045|20250124|CLE|LGA|N316PQ|1112|1235|1125|1229|ARRIVED|
DL|5045|20250125|CLE|LGA|N920XJ|1350|1510|1404|1504|ARRIVED|
DL|5045|20250127|CLE|LGA|N137EV|1109|1237|1123|1231|ARRIVED|
DL|5045|20250128|CLE|LGA|N923XJ|1109|1239|1119|1232|ARRIVED|
DL|5045|20250129|CLE|LGA|N607LR|1115|1235|1129|1227|ARRIVED|
DL|5045|20250130|CLE|LGA|N930XJ|1117|1241|1132|1236|ARRIVED|
DL|5045|20250131|CLE|LGA|N186GJ|1112|1239|1127|1234|ARRIVED|
DL|5045|20250101|LGA|CLE|N918XJ|1144|1315|1157|1308|ARRIVED|
DL|5045|20250102|LGA|CLE|N905XJ|925|1106|941|1054|ARRIVED|
DL|5045|20250103|LGA|CLE|N912XJ|923|1118|941|1105|ARRIVED|
DL|5045|20250104|LGA|CLE|N311PQ|925|1110|942|1053|ARRIVED|
DL|5045|20250105|LGA|CLE|N921XJ|924|1134|946|1105|ARRIVED|
DL|5045|20250106|LGA|CLE|N185GJ|841|1036|910|1026|ARRIVED|
DL|5045|20250107|LGA|CLE|N311PQ|901|1043|927|1037|ARRIVED|
DL|5045|20250108|LGA|CLE|N695CA|835|1030|904|1017|ARRIVED|
DL|5045|20250109|LGA|CLE|N316PQ|841|1032|857|1001|ARRIVED|
DL|5045|20250110|LGA|CLE|N903XJ|914|1103|943|1055|ARRIVED|
DL|5045|20250111|LGA|CLE|N482PX|812|1010|855|1001|ARRIVED|
DL|5045|20250113|LGA|CLE|N335PQ|831|1044|853|1013|ARRIVED|
DL|5045|20250114|LGA|CLE|N146PQ|832|1018|853|1012|ARRIVED|
DL|5045|20250115|LGA|CLE|N182GJ|832|1004|847|957|ARRIVED|
DL|5045|20250116|LGA|CLE|N131EV|831|1006|847|957|ARRIVED|
DL|5045|20250117|LGA|CLE|N348PQ|945|1124|1008|1118|ARRIVED|
DL|5045|20250118|LGA|CLE|N479PX|811|945|826|936|ARRIVED|
DL|5045|20250120|LGA|CLE|N341PQ|839|1041|915|1034|ARRIVED|
DL|5045|20250121|LGA|CLE|N348PQ|832|1037|854|1016|ARRIVED|
DL|5045|20250122|LGA|CLE|N908XJ|832|1039|921|1033|ARRIVED|
DL|5045|20250123|LGA|CLE|N926XJ|833|1034|900|1019|ARRIVED|
DL|5045|20250124|LGA|CLE|N316PQ|843|1033|909|1024|ARRIVED|
DL|5045|20250125|LGA|CLE|N920XJ|810|953|827|944|ARRIVED|
DL|5045|20250127|LGA|CLE|N137EV|832|959|844|953|ARRIVED|
DL|5045|20250128|LGA|CLE|N923XJ|843|1025|900|1020|ARRIVED|
DL|5045|20250129|LGA|CLE|N607LR|832|1020|848|1014|ARRIVED|
DL|5045|20250130|LGA|CLE|N930XJ|827|1016|851|1008|ARRIVED|
DL|5045|20250131|LGA|CLE|N186GJ|830|1015|852|1008|ARRIVED|
DL|5046|20250106|CLT|LGA|N676CA|750|1007|819|1002|ARRIVED|
DL|5046|20250107|CLT|LGA|N296PQ|1358|1644|1507|1633|ARRIVED|
DL|5046|20250108|CLT|LGA|N295PQ|1428|1624|1504|1616|ARRIVED|
DL|5046|20250109|CLT|LGA|N600LR|1455|1716|1539|1710|ARRIVED|
DL|5046|20250110|CLT|LGA|N929XJ|1346|1554|1426|1547|ARRIVED|
DL|5046|20250113|CLT|LGA|N678CA|1348|1539|1418|1532|ARRIVED|
DL|5046|20250114|CLT|LGA|N901XJ|1344|1532|1408|1526|ARRIVED|
DL|5046|20250115|CLT|LGA|N935XJ|1400|1553|1428|1548|ARRIVED|
DL|5046|20250116|CLT|LGA|N695CA|1350|1530|1408|1523|ARRIVED|
DL|5046|20250117|CLT|LGA|N166PQ|1354|1550|1423|1545|ARRIVED|
DL|5046|20250120|CLT|LGA|N301PQ|1450|1628|1509|1621|ARRIVED|
DL|5046|20250121|CLT|LGA|N181PQ|1352|1541|1422|1532|ARRIVED|
DL|5046|20250122|CLT|LGA|N186GJ|1416|1546|1431|1541|ARRIVED|
DL|5046|20250123|CLT|LGA|N186PQ|1348|1516|1402|1511|ARRIVED|
DL|5046|20250124|CLT|LGA|N307PQ|1400|1537|1420|1530|ARRIVED|
DL|5046|20250127|CLT|LGA|N604LR|1507|1709|1545|1702|ARRIVED|
DL|5046|20250128|CLT|LGA|N315PQ|1437|1732|1607|1727|ARRIVED|
DL|5046|20250129|CLT|LGA|N933XJ|1341|1604|1400|1535|ARRIVED|
DL|5046|20250130|CLT|LGA|N308PQ|1350|1526|1405|1521|ARRIVED|
DL|5046|20250131|CLT|LGA|N138EV|1354|1528|1405|1521|ARRIVED|
DL|5046|20250106|LGA|CLT|N676CA|1403|1734|1534|1719|ARRIVED|
DL|5046|20250107|LGA|CLT|N296PQ|1047|1244|1106|1235|ARRIVED|
DL|5046|20250108|LGA|CLT|N295PQ|1040|1255|1114|1246|ARRIVED|
DL|5046|20250109|LGA|CLT|N133EV|1042|1228|1102|1225|ARRIVED|
DL|5046|20250110|LGA|CLT|N929XJ|1042|1234|1058|1229|ARRIVED|
DL|5046|20250113|LGA|CLT|N678CA|1042|1251|1058|1244|ARRIVED|
DL|5046|20250114|LGA|CLT|N901XJ|1039|1258|1106|1248|ARRIVED|
DL|5046|20250115|LGA|CLT|N935XJ|1044|1248|1109|1243|ARRIVED|
DL|5046|20250116|LGA|CLT|N695CA|1042|1231|1055|1220|ARRIVED|
DL|5046|20250117|LGA|CLT|N166PQ|1043|1242|1102|1227|ARRIVED|
DL|5046|20250120|LGA|CLT|N301PQ|1130|1359|1155|1351|ARRIVED|
DL|5046|20250121|LGA|CLT|N181PQ|1051|1310|1112|1305|ARRIVED|
DL|5046|20250122|LGA|CLT|N186GJ|1125|1340|1156|1328|ARRIVED|
DL|5046|20250123|LGA|CLT|N186PQ|1043|1306|1115|1302|ARRIVED|
DL|5046|20250124|LGA|CLT|N307PQ|1043|1248|1056|1239|ARRIVED|
DL|5046|20250127|LGA|CLT|N604LR|1231|1435|1254|1427|ARRIVED|
DL|5046|20250128|LGA|CLT|N315PQ|1044|1229|1055|1223|ARRIVED|
DL|5046|20250129|LGA|CLT|N933XJ|1042|1229|1056|1225|ARRIVED|
DL|5046|20250130|LGA|CLT|N308PQ|1039|1240|1104|1234|ARRIVED|
DL|5046|20250131|LGA|CLT|N138EV|1042|1245|1102|1239|ARRIVED|
DL|5047|20250106|CLT|LGA|N295PQ|2236|11|2255|6|ARRIVED|
DL|5047|20250107|CLT|LGA|N919XJ|2106|2258|2137|2252|ARRIVED|
DL|5047|20250108|CLT|LGA|N490PX|2003|2311|2130|2303|ARRIVED|
DL|5047|20250109|CLT|LGA|N478PX|2141|2341|2209|2335|ARRIVED|
DL|5047|20250110|CLT|LGA|N920XJ|2054|2304|2151|2259|ARRIVED|
DL|5047|20250112|CLT|LGA|N914XJ|1945|2114|1959|2110|ARRIVED|
DL|5047|20250113|CLT|LGA|N480PX|1944|2123|2003|2115|ARRIVED|
DL|5047|20250114|CLT|LGA|N491PX|1947|2133|2014|2127|ARRIVED|
DL|5047|20250115|CLT|LGA|N482PX|1958|2144|2023|2139|ARRIVED|
DL|5047|20250116|CLT|LGA|N491PX|1951|2155|2020|2141|ARRIVED|
DL|5047|20250117|CLT|LGA|N482PX|1953|2136|2013|2129|ARRIVED|
DL|5047|20250119|CLT|LGA|N914XJ|0|0|0|0|CANCELLED|B
DL|5047|20250120|CLT|LGA|N919XJ|2001|2136|2021|2130|ARRIVED|
DL|5047|20250121|CLT|LGA|N917XJ|2017|2256|2143|2250|ARRIVED|
DL|5047|20250122|CLT|LGA|N922XJ|2000|2149|2018|2131|ARRIVED|
DL|5047|20250123|CLT|LGA|N918XJ|1952|2127|2012|2121|ARRIVED|
DL|5047|20250124|CLT|LGA|N920XJ|1949|2130|2007|2125|ARRIVED|
DL|5047|20250126|CLT|LGA|N136EV|1954|2134|2013|2128|ARRIVED|
DL|5047|20250127|CLT|LGA|N490PX|1948|2132|2006|2126|ARRIVED|
DL|5047|20250128|CLT|LGA|N920XJ|1950|2139|2007|2132|ARRIVED|
DL|5047|20250129|CLT|LGA|N479PX|1950|2146|2016|2141|ARRIVED|
DL|5047|20250130|CLT|LGA|N491PX|1942|2126|1955|2120|ARRIVED|
DL|5047|20250131|CLT|LGA|N915XJ|1951|2149|2006|2142|ARRIVED|
DL|5047|20250106|LGA|CLT|N295PQ|1952|2209|2028|2158|ARRIVED|
DL|5047|20250107|LGA|CLT|N919XJ|1801|2036|1859|2028|ARRIVED|
DL|5047|20250108|LGA|CLT|N490PX|1707|1940|1747|1930|ARRIVED|
DL|5047|20250109|LGA|CLT|N478PX|1903|2045|1913|2035|ARRIVED|
DL|5047|20250110|LGA|CLT|N920XJ|1805|2023|1825|2016|ARRIVED|
DL|5047|20250111|LGA|CLT|N903XJ|1641|1836|1701|1827|ARRIVED|
DL|5047|20250112|LGA|CLT|N914XJ|1645|1845|1702|1837|ARRIVED|
DL|5047|20250113|LGA|CLT|N480PX|1652|1910|1710|1901|ARRIVED|
DL|5047|20250114|LGA|CLT|N491PX|1644|1903|1705|1855|ARRIVED|
DL|5047|20250115|LGA|CLT|N482PX|1643|1916|1728|1907|ARRIVED|
DL|5047|20250116|LGA|CLT|N491PX|1648|1837|1702|1826|ARRIVED|
DL|5047|20250117|LGA|CLT|N482PX|1650|1839|1705|1828|ARRIVED|
DL|5047|20250118|LGA|CLT|N676CA|1637|1835|1652|1823|ARRIVED|
DL|5047|20250119|LGA|CLT|N914XJ|0|0|0|0|CANCELLED|B
DL|5047|20250120|LGA|CLT|N919XJ|1643|1909|1658|1844|ARRIVED|
DL|5047|20250121|LGA|CLT|N917XJ|1651|1939|1722|1931|ARRIVED|
DL|5047|20250122|LGA|CLT|N922XJ|1639|1844|1701|1836|ARRIVED|
DL|5047|20250123|LGA|CLT|N918XJ|1642|1904|1656|1854|ARRIVED|
DL|5047|20250124|LGA|CLT|N920XJ|1649|1853|1701|1845|ARRIVED|
DL|5047|20250125|LGA|CLT|N279PQ|1640|1849|1658|1829|ARRIVED|
DL|5047|20250126|LGA|CLT|N136EV|1644|1834|1657|1827|ARRIVED|
DL|5047|20250127|LGA|CLT|N490PX|1644|1858|1708|1846|ARRIVED|
DL|5047|20250128|LGA|CLT|N920XJ|1646|1844|1714|1834|ARRIVED|
DL|5047|20250129|LGA|CLT|N479PX|1645|1919|1740|1913|ARRIVED|
DL|5047|20250130|LGA|CLT|N491PX|1645|1850|1704|1835|ARRIVED|
DL|5047|20250131|LGA|CLT|N915XJ|1650|1859|1705|1844|ARRIVED|
DL|5048|20250111|CLT|LGA|N490PX|1951|2126|2008|2123|ARRIVED|
DL|5048|20250118|CLT|LGA|N920XJ|1634|1810|1649|1803|ARRIVED|
DL|5048|20250125|CLT|LGA|N299PQ|1638|1826|1700|1816|ARRIVED|
DL|5048|20250102|LGA|CLT|N336PQ|1346|1552|1406|1545|ARRIVED|
DL|5048|20250103|LGA|CLT|N913XJ|1350|1544|1401|1536|ARRIVED|
DL|5048|20250104|LGA|CLT|N301PQ|1343|1538|1357|1528|ARRIVED|
DL|5048|20250105|LGA|CLT|N186GJ|1410|1610|1429|1604|ARRIVED|
DL|5048|20250111|LGA|CLT|N490PX|1413|1554|1424|1547|ARRIVED|
DL|5048|20250118|LGA|CLT|N920XJ|1346|1546|1402|1536|ARRIVED|
DL|5048|20250125|LGA|CLT|N299PQ|1349|1536|1401|1532|ARRIVED|
DL|5049|20250106|LGA|DAY|N919XJ|1934|2136|1957|2129|ARRIVED|
DL|5049|20250107|LGA|DAY|N490PX|2012|2225|2051|2218|ARRIVED|
DL|5049|20250108|LGA|DAY|N904XJ|1848|2039|1912|2034|ARRIVED|
DL|5049|20250109|LGA|DAY|N920XJ|2105|2306|2134|2303|ARRIVED|
DL|5049|20250110|LGA|DAY|N915XJ|1824|2029|1839|2016|ARRIVED|
DL|5049|20250112|LGA|DAY|N480PX|1824|2031|1844|2025|ARRIVED|
DL|5049|20250113|LGA|DAY|N491PX|1815|2008|1829|2004|ARRIVED|
DL|5049|20250114|LGA|DAY|N482PX|1815|2025|1841|2018|ARRIVED|
DL|5049|20250115|LGA|DAY|N904XJ|1815|2010|1847|2005|ARRIVED|
DL|5049|20250116|LGA|DAY|N917XJ|1826|2016|1841|2009|ARRIVED|
DL|5049|20250117|LGA|DAY|N490PX|1816|2003|1832|1957|ARRIVED|
DL|5049|20250119|LGA|DAY|N919XJ|0|0|0|0|CANCELLED|B
DL|5049|20250120|LGA|DAY|N917XJ|1821|2022|1837|2017|ARRIVED|
DL|5049|20250121|LGA|DAY|N922XJ|1849|2105|1914|2059|ARRIVED|
DL|5049|20250122|LGA|DAY|N915XJ|1932|2127|1949|2124|ARRIVED|
DL|5049|20250123|LGA|DAY|N920XJ|1818|2023|1838|2015|ARRIVED|
DL|5049|20250124|LGA|DAY|N918XJ|1817|2005|1829|2000|ARRIVED|
DL|5049|20250126|LGA|DAY|N479PX|1819|2024|1838|2017|ARRIVED|
DL|5049|20250127|LGA|DAY|N920XJ|1819|2016|1845|2012|ARRIVED|
DL|5049|20250128|LGA|DAY|N166PQ|2007|2235|2049|2227|ARRIVED|
DL|5049|20250129|LGA|DAY|N491PX|1822|2058|1915|2053|ARRIVED|
DL|5049|20250130|LGA|DAY|N915XJ|1955|2202|2019|2159|ARRIVED|
DL|5049|20250131|LGA|DAY|N932XJ|1855|2056|1915|2053|ARRIVED|
DL|5050|20250106|ATL|SHV|N200PQ|1627|1715|1643|1713|ARRIVED|
DL|5050|20250107|ATL|SHV|N934XJ|1624|1711|1636|1708|ARRIVED|
DL|5050|20250108|ATL|SHV|N907XJ|1546|1648|1605|1645|ARRIVED|
DL|5050|20250109|ATL|SHV|N607LR|1543|1931|1607|1928|ARRIVED|
DL|5050|20250110|ATL|SHV|N293PQ|0|0|0|0|CANCELLED|B
DL|5050|20250112|ATL|SHV|N906XJ|1554|1648|1607|1644|ARRIVED|
DL|5050|20250113|ATL|SHV|N314PQ|1546|1639|1559|1636|ARRIVED|
DL|5050|20250114|ATL|SHV|N187GJ|1547|1654|1611|1650|ARRIVED|
DL|5050|20250115|ATL|SHV|N232PQ|1539|1636|1600|1633|ARRIVED|
DL|5050|20250116|ATL|SHV|N182GJ|1542|1616|1552|1613|ARRIVED|
DL|5050|20250117|ATL|SHV|N135EV|1635|1736|1649|1731|ARRIVED|
DL|5050|20250120|ATL|SHV|N307PQ|1625|1721|1642|1718|ARRIVED|
DL|5050|20250121|ATL|SHV|N905XJ|1611|1853|1814|1848|ARRIVED|
DL|5050|20250122|ATL|SHV|N354CA|1708|1802|1722|1757|ARRIVED|
DL|5050|20250123|ATL|SHV|N135EV|1613|1707|1627|1704|ARRIVED|
DL|5050|20250124|ATL|SHV|N676CA|1619|1704|1634|1700|ARRIVED|
DL|5050|20250126|ATL|SHV|N306PQ|1556|1711|1629|1705|ARRIVED|
DL|5050|20250127|ATL|SHV|N232PQ|1610|1703|1635|1701|ARRIVED|
